{"Max Answers - 1": 1.0, "Max Answers - 3": 0.6288607594936708, "Max Answers - 5": 0.5237099856665074, "Max Answers - 10": 0.4951127819548873, "Max Incorrect - 1": 0.4951127819548873, "Max Incorrect - 3": 0.4951127819548873, "Max Incorrect - 5": 0.4951127819548873}