{"Max Answers - 1": 0.8066284365796744, "Max Answers - 3": 0.7377153969323179, "Max Answers - 5": 0.6971210184490321, "Max Answers - 10": 0.7372105187608933, "Max Incorrect - 1": 0.536693687388909, "Max Incorrect - 3": 0.674111019021687, "Max Incorrect - 5": 0.7187877817578027}