{"Max Answers - 1": 0.4450646247760328, "Max Answers - 3": 0.36956247818718496, "Max Answers - 5": 0.3242881229377738, "Max Answers - 10": 0.28715000299908866, "Max Incorrect - 1": 0.22964294967143334, "Max Incorrect - 3": 0.2817013090767221, "Max Incorrect - 5": 0.2817013090767221}